n_senhas_com_nome_pet,antiguidade_modem,qt_leds_piscando,sinal_wifi_em_marte,n_gatos_em_casa,freq_fala_ets,cor_cabo_rede,gritou_roteador,filmes_mib,wifi_invadido
4,7,3,-93.69554603748527,3,4,azul,4,1,1
0,8,12,-76.38751958036954,2,4,rosa,4,1,1
2,3,14,-70.27992325916208,1,5,azul,2,5,1
3,5,10,-63.325006843047234,1,0,amarelo,2,1,1
0,3,5,-65.96789593401948,1,5,preto,1,4,0
0,7,12,-79.59922481087872,0,5,preto,4,5,1
4,6,8,-71.23931381952261,1,5,amarelo,2,6,1
0,11,14,-67.96866346504429,2,5,rosa,4,6,1
1,3,13,-80.26045145046605,0,3,rosa,0,4,1
1,9,2,-95.38289757182929,0,6,amarelo,3,1,0
2,12,14,-82.48276944610517,2,6,preto,3,5,1
0,1,8,-66.30087847193741,3,3,azul,5,6,1
4,10,3,-76.1343437842506,0,0,rosa,2,4,1
4,3,4,-71.02166491962643,0,3,azul,2,3,1
3,11,6,-92.5892791138965,2,0,preto,4,6,1
2,10,5,-61.426489271559774,0,4,azul,5,3,1
4,11,9,-83.83677882026763,3,6,amarelo,2,4,1
3,7,7,-73.85457909129084,1,1,rosa,4,4,1
4,3,7,-99.24510981637579,0,2,rosa,2,0,1
3,14,7,-94.90722950978835,1,6,amarelo,4,6,1
1,3,2,-68.71862920460325,0,3,amarelo,2,0,0
1,2,14,-61.28122217918981,1,3,rosa,1,2,1
4,9,13,-87.19778579778087,1,4,rosa,4,6,1
2,11,9,-98.5127706023494,1,3,rosa,1,5,1
0,4,5,-85.5653359207945,1,0,preto,1,2,0
2,10,6,-99.30127478883989,1,0,preto,1,2,0
2,13,8,-92.30507630950123,0,1,preto,1,1,1
0,6,9,-69.90111939785047,0,1,azul,0,3,0
1,2,9,-62.51646407574015,2,6,preto,5,1,1
1,9,13,-96.50203662524453,0,1,rosa,3,5,1
0,7,11,-77.68396884757962,0,0,preto,0,4,1
3,10,14,-89.84476615503873,0,5,rosa,2,0,1
2,5,3,-94.43763496824282,2,5,amarelo,2,5,0
4,7,4,-91.2407908043377,2,1,azul,5,4,1
1,14,7,-76.8894773000917,0,1,azul,3,5,1
4,4,0,-97.39461994224156,1,0,amarelo,3,4,1
0,13,11,-82.63125615326331,0,4,rosa,3,6,1
4,10,5,-94.59088596179345,0,6,azul,1,0,1
4,13,14,-89.09291790422074,0,3,preto,0,4,1
2,7,3,-92.36982681026944,0,6,rosa,2,2,0
0,2,4,-64.68098000676412,1,2,azul,0,5,0
4,7,10,-71.67954676514842,1,5,amarelo,0,0,1
1,4,4,-65.26149684210118,1,5,rosa,0,4,0
0,4,1,-84.6614866180923,2,0,azul,3,2,0
1,1,7,-87.4634654058532,2,6,amarelo,5,2,1
3,12,14,-84.77651220408931,0,0,rosa,5,6,1
4,3,1,-99.2580721710237,1,2,preto,3,3,1
0,5,3,-71.01182899405768,2,6,rosa,2,2,0
1,5,11,-86.00910172419687,0,2,preto,2,1,1
4,2,12,-87.46704785692833,1,1,rosa,2,0,1
2,4,4,-76.07435738517869,3,6,amarelo,5,0,1
1,1,13,-82.55000353160735,3,2,preto,5,0,1
1,9,0,-60.76626527104406,2,3,preto,0,4,0
3,1,5,-85.74987828404795,1,3,rosa,3,5,1
2,6,1,-75.44416631168346,0,5,azul,1,4,0
3,7,13,-87.53395597561394,1,3,preto,0,1,1
2,3,4,-60.37620079157373,2,6,rosa,4,5,1
1,12,14,-82.19555861119488,1,3,amarelo,5,6,1
3,1,5,-74.63484756532787,3,3,rosa,0,2,1
4,7,10,-94.93113316189292,0,1,rosa,3,4,1
2,3,7,-70.67903140545369,2,5,preto,4,5,1
1,13,8,-89.23159768497511,3,0,azul,0,2,1
0,10,12,-82.05546988681313,4,5,amarelo,3,5,1
2,12,14,-64.67467750690167,2,5,preto,3,2,1
2,12,11,-61.17789940459594,0,5,preto,5,5,1
4,6,5,-83.01711592638571,1,2,preto,1,4,1
2,13,4,-66.60789328182,0,0,amarelo,0,4,1
2,12,11,-97.86604021800557,0,2,azul,3,1,1
4,14,3,-66.0970388083895,1,1,amarelo,2,6,1
4,6,1,-74.81958711389402,0,1,amarelo,3,6,1
3,14,1,-80.45175326433592,3,4,azul,1,3,1
1,12,6,-64.40145179451008,2,4,amarelo,3,0,1
1,4,4,-66.18651109974346,0,1,rosa,5,4,1
3,12,6,-88.12219616185712,1,1,amarelo,0,4,1
1,11,12,-68.3404647062097,2,2,preto,5,2,1
2,6,10,-96.02036265350509,1,1,amarelo,0,3,0
3,11,0,-67.08944258130519,0,6,preto,4,6,1
3,10,0,-72.98177527906998,3,0,amarelo,0,4,1
1,4,4,-96.48534676272229,0,2,preto,4,5,1
0,13,1,-72.67679306103459,2,1,preto,5,6,1
1,8,7,-76.77922893294519,1,2,preto,2,3,0
0,9,13,-76.21799595419822,3,2,azul,1,0,1
3,2,14,-88.36544259481207,1,3,amarelo,2,5,1
0,7,2,-89.3401119994862,2,4,amarelo,4,2,1
2,9,0,-69.49859551783919,0,2,rosa,3,1,0
4,9,12,-89.72746075931043,2,5,rosa,3,5,1
0,12,1,-82.14950992760406,1,6,rosa,2,6,1
4,5,9,-72.2084400560486,1,6,amarelo,3,0,1
2,1,9,-96.81534994690249,1,2,azul,4,5,1
4,6,6,-76.21806469553371,0,5,preto,5,3,1
2,8,5,-76.42494509407531,0,6,amarelo,1,3,0
4,1,11,-72.63085156447897,1,3,azul,0,0,1
4,2,7,-85.20287618777365,1,1,azul,4,6,1
1,13,6,-82.04080903744641,4,2,amarelo,4,3,1
0,13,13,-86.80122744221225,1,3,preto,0,5,1
4,1,9,-67.67327011244896,0,0,azul,0,1,1
3,5,12,-94.7755695985547,1,3,amarelo,1,5,1
1,2,7,-61.481841856986804,1,4,preto,1,1,0
0,10,2,-74.6065537608313,0,4,rosa,1,3,0
1,10,5,-64.52373102431297,1,1,azul,3,5,0
0,14,12,-82.95074166940942,3,5,azul,4,3,1
2,4,6,-86.70883718432013,3,1,amarelo,5,6,1
4,1,14,-63.97096759504066,1,6,amarelo,0,1,1
3,7,9,-96.0450788449479,1,5,preto,4,6,1
1,8,10,-95.31571073978888,2,5,rosa,4,3,1
1,5,0,-88.0261289406129,1,5,rosa,1,4,0
1,2,0,-61.60900072934726,3,5,amarelo,1,2,0
1,8,6,-74.67725560539571,2,4,amarelo,4,5,1
4,1,12,-77.83225213538407,1,6,preto,1,4,1
0,7,10,-71.78574654578318,0,4,amarelo,3,6,0
4,1,12,-83.30101775687335,0,2,preto,0,3,1
2,12,2,-69.67705994316803,0,6,preto,4,3,1
4,6,2,-84.2707720810849,1,4,rosa,0,2,1
4,13,14,-66.94547260574141,0,1,preto,3,3,1
2,6,4,-89.30819671693982,0,4,rosa,1,2,0
4,5,14,-88.89813362807902,1,6,rosa,2,5,1
0,2,10,-79.10466778293059,1,6,rosa,3,1,0
3,2,5,-82.7695536655306,3,1,amarelo,2,2,1
2,9,1,-74.07536622861218,2,0,rosa,0,2,0
1,5,2,-85.42836981305685,1,6,preto,4,4,1
0,5,5,-90.77797403718533,1,4,amarelo,1,3,0
3,7,2,-81.20765748468395,1,1,preto,3,5,1
0,6,13,-77.56174002011414,2,5,amarelo,1,1,1
0,2,4,-94.29599784681238,1,6,preto,2,0,0
1,11,8,-77.73125497067339,0,3,azul,2,6,1
3,1,11,-87.22973179008413,3,5,azul,5,2,1
0,5,2,-84.30192460525969,0,2,azul,4,0,1
1,4,11,-88.82727483746875,0,6,preto,2,3,1
2,12,10,-62.743586888277605,1,1,amarelo,4,6,1
1,3,12,-72.66654874879144,3,5,rosa,5,2,1
4,2,12,-89.50158754397266,0,4,rosa,3,0,1
1,10,5,-74.198746617922,0,4,preto,5,4,1
1,2,10,-66.05710361671815,1,6,preto,4,0,1
1,14,4,-83.93479166668925,2,0,preto,2,6,1
0,4,4,-66.80169963375272,0,3,preto,0,4,0
3,2,10,-93.8234022264003,0,6,rosa,4,6,1
1,4,13,-67.08874540535328,1,1,amarelo,1,1,1
1,3,13,-78.38823029310535,0,5,rosa,0,3,1
4,9,5,-91.08102047960071,2,3,preto,4,5,1
4,7,5,-83.71434461776354,3,0,azul,1,0,1
2,14,0,-60.48028030213533,1,6,rosa,5,2,1
2,13,10,-68.65775933430295,1,2,azul,0,6,1
4,11,14,-76.99654554459539,2,3,azul,4,6,1
3,12,8,-95.39344352381897,0,0,preto,3,3,1
2,3,4,-83.28753668393999,0,6,rosa,5,0,1
3,13,0,-89.47793943952252,1,6,amarelo,1,2,1
4,14,7,-97.15995681978438,0,1,rosa,3,2,1
2,8,6,-78.31182445122741,0,6,amarelo,2,6,0
1,9,6,-64.43257200636495,0,2,amarelo,5,5,1
4,13,14,-72.976005273035,0,6,preto,5,6,1
2,7,13,-90.01278448077956,0,4,amarelo,4,5,1
3,6,4,-77.05661572184843,1,0,rosa,4,6,1
3,4,0,-62.27062866612124,0,4,rosa,1,6,1
2,5,8,-71.08339788308258,2,6,azul,5,2,1
3,8,10,-72.42104402372945,0,2,amarelo,4,5,1
2,3,8,-61.27367335089935,1,0,preto,2,2,0
2,2,7,-68.04506755263901,0,0,preto,4,0,1
3,3,4,-94.53505827604991,0,6,rosa,5,6,1
0,12,13,-86.09459652095194,0,2,amarelo,0,1,1
1,7,2,-61.39437197049256,3,1,preto,3,5,0
4,8,7,-80.4117842320801,1,0,amarelo,5,4,1
1,1,0,-95.53450218715258,1,2,amarelo,2,4,0
4,13,2,-81.65580481310633,2,3,azul,5,4,1
4,7,11,-72.12027063716798,1,4,preto,2,1,1
1,9,10,-60.098071132750356,1,0,azul,5,2,1
2,12,6,-87.04378733747193,3,3,preto,3,2,1
3,13,13,-79.43652500482905,0,0,amarelo,3,3,1
0,14,14,-64.81277181400824,1,1,preto,2,4,1
0,14,3,-85.78931127770666,2,6,rosa,5,4,1
0,3,6,-95.6295377363657,1,2,amarelo,3,2,0
1,3,11,-62.04256499993984,0,0,preto,1,4,1
1,8,10,-80.46236773145999,3,2,azul,5,2,1
2,4,12,-79.88865156912112,0,5,azul,3,6,1
0,14,13,-75.15199421583272,3,0,amarelo,0,6,1
2,8,4,-99.85853505187102,2,1,azul,0,2,0
0,5,5,-62.754752977246035,1,1,amarelo,1,5,0
1,14,13,-85.54195660901833,0,6,amarelo,3,2,1
3,3,6,-84.12272550462606,0,6,amarelo,0,0,1
3,4,14,-93.0356300986706,3,3,preto,5,0,1
3,14,12,-84.87393546830155,2,1,amarelo,4,0,1
3,4,9,-67.84225876895792,1,2,azul,3,0,1
4,8,11,-68.00033309777861,0,5,rosa,1,1,1
0,6,6,-62.568126364181886,0,1,preto,3,3,0
3,7,6,-83.87082109276817,2,0,azul,2,3,1
4,9,6,-71.65113985005662,3,1,amarelo,2,2,1
4,6,10,-79.71049779169772,1,5,amarelo,0,6,1
4,3,12,-67.83908841923477,0,2,rosa,2,4,1
2,13,12,-71.49831963468012,1,0,azul,1,0,1
2,3,6,-85.28388298854898,0,3,preto,0,3,0
4,11,2,-86.5330466298523,1,3,azul,1,3,1
3,3,14,-89.9023014788813,1,3,amarelo,5,0,1
0,12,11,-76.93936838045448,0,6,preto,1,6,1
1,10,2,-61.446285936245616,0,0,amarelo,2,1,0
2,2,6,-91.99733049529736,2,3,amarelo,5,1,1
3,1,13,-96.18990180382698,0,6,azul,2,3,1
3,11,1,-95.22397431694745,1,1,rosa,1,1,1
1,10,13,-68.676052949994,1,0,amarelo,2,5,1
1,1,1,-85.99580782861744,3,0,azul,2,0,0
3,4,2,-91.0253268923048,0,0,preto,2,6,1
1,3,13,-85.88623526506,0,4,rosa,3,3,1
3,5,3,-74.18676748681912,1,6,amarelo,5,0,1
1,12,5,-78.12851500686865,2,2,amarelo,5,1,1
1,9,12,-70.25642373915096,1,4,preto,5,0,1
3,12,7,-86.43703406072895,0,4,azul,1,1,1
4,13,9,-81.91885706141258,0,4,amarelo,4,6,1
3,8,9,-95.92126524148306,1,2,preto,1,1,1
0,12,6,-97.07765415868874,0,4,amarelo,5,0,1
1,9,3,-81.50979028623598,0,3,azul,0,6,0
2,13,1,-87.93613570216306,0,0,rosa,2,1,1
1,5,1,-75.48797711455477,0,0,azul,2,5,0
0,8,14,-98.27991338221712,1,6,azul,4,2,1
2,4,3,-95.12934489601739,1,1,azul,0,0,0
2,5,5,-65.39236755574419,1,5,preto,3,2,0
3,12,2,-77.34753513923582,1,3,amarelo,1,0,1
4,3,5,-71.51781865235091,2,2,rosa,3,1,1
3,5,4,-66.32111525170816,1,5,preto,0,1,1
2,12,4,-81.44662628199791,1,0,azul,4,6,1
2,3,1,-69.55758464130096,1,4,rosa,0,3,0
4,5,7,-79.01657683705903,0,6,azul,4,5,1
1,11,4,-91.09004918905184,0,6,azul,3,3,1
4,14,10,-86.49375324796242,1,1,azul,3,2,1
3,5,1,-80.38598235777357,0,1,rosa,0,1,1
1,6,6,-87.32457791310917,1,0,amarelo,0,3,0
3,9,12,-86.57889234600407,2,3,azul,2,1,1
4,1,14,-86.50428675004935,0,6,amarelo,4,0,1
1,12,8,-95.08640084571583,2,5,rosa,2,3,1
4,10,8,-96.61429571150994,0,1,rosa,1,2,1
0,14,0,-98.14015841234783,1,0,azul,1,6,1
2,6,6,-95.56174955862653,0,3,amarelo,0,3,0
1,1,8,-86.25171631457528,0,0,amarelo,3,1,0
2,6,5,-76.24512776867772,0,0,azul,1,4,0
0,2,0,-92.47412291162364,0,3,preto,1,4,0
1,8,1,-64.47964615989449,1,3,preto,2,6,0
2,11,3,-67.66470275042202,0,3,rosa,2,6,1
2,3,13,-79.17891548763345,2,0,rosa,1,5,1
1,10,3,-71.0316067674656,5,1,preto,0,6,0
2,14,1,-85.34685901204966,0,2,preto,2,1,1
2,6,7,-98.5288882906764,1,2,preto,1,0,0
1,6,1,-63.8266860986984,2,0,azul,3,3,0
2,4,2,-94.88826046968713,1,0,azul,2,6,0
2,5,13,-62.08250614481394,0,1,azul,1,4,1
3,2,3,-77.1246964693556,1,3,azul,4,0,1
3,10,8,-87.7774775591428,1,0,azul,2,1,1
0,10,9,-80.17901506752622,0,6,azul,4,0,1
3,8,0,-79.93480764307623,2,4,rosa,2,1,1
3,10,7,-99.06851682229673,0,3,amarelo,2,5,1
0,7,11,-85.78160592463445,2,6,rosa,5,3,1
2,10,14,-70.4053680182833,0,0,amarelo,5,0,1
2,6,13,-79.59723244197168,2,4,rosa,4,3,1
3,7,4,-90.23079531961663,1,6,rosa,0,0,1
0,12,6,-86.59560559852224,1,5,azul,1,1,1
2,1,7,-65.47782427536204,1,1,azul,0,1,0
4,14,14,-78.97801319399082,4,4,amarelo,0,0,1
1,14,4,-78.86591509795056,1,0,amarelo,5,5,1
1,5,7,-61.5413016379596,1,2,azul,1,1,0
1,7,9,-87.16474403853427,0,6,rosa,5,2,1
3,1,10,-80.81835499575087,2,0,amarelo,5,2,1
1,2,7,-67.53145609116663,1,2,preto,5,3,1
1,9,8,-69.64351004451882,1,1,preto,3,6,0
4,12,1,-89.3680231228531,2,1,preto,0,2,1
2,3,2,-93.95635809578457,0,3,amarelo,0,2,0
4,6,0,-71.97181695250526,1,6,azul,0,5,1
3,7,3,-89.69375292771221,0,3,azul,3,5,1
1,9,14,-63.092966859030355,0,2,azul,2,6,1
2,5,14,-94.83009224043096,0,2,amarelo,4,4,1
1,4,4,-87.26739199460894,2,1,amarelo,4,6,1
1,11,10,-97.80851012300344,1,4,preto,3,4,1
3,12,0,-71.86778772546488,2,2,amarelo,0,5,1
1,2,7,-64.34949404338407,2,2,preto,4,4,1
0,3,1,-74.56501890675972,1,6,preto,3,5,0
2,5,0,-62.48987937954065,3,4,azul,5,4,1
2,11,1,-94.85984085995162,1,3,amarelo,1,1,1
0,13,14,-96.49064290949204,0,3,azul,4,5,1
3,2,12,-66.46349075330517,0,2,azul,1,6,1
1,13,4,-65.77955298453969,4,6,amarelo,0,3,1
1,4,8,-66.75841891571488,3,3,amarelo,4,3,1
2,1,8,-68.04140389865017,6,3,rosa,3,5,0
3,4,1,-85.51086544245359,1,5,preto,2,2,1
3,7,1,-91.30151665634449,1,6,rosa,4,3,1
3,14,2,-62.8478392000884,2,3,preto,4,6,1
1,12,6,-87.71999268606665,0,1,preto,4,2,1
3,3,10,-84.06369271343871,2,0,preto,4,3,1
0,10,2,-72.01764162193467,0,2,azul,3,0,0
4,8,0,-88.2657568002405,1,2,azul,3,0,1
3,6,13,-67.23479113755995,0,1,amarelo,2,5,1
4,6,13,-97.19861505472875,1,0,preto,3,6,1
1,14,13,-68.35269330444262,1,0,preto,3,6,1
3,1,5,-75.92594709528782,1,1,preto,0,3,1
2,5,2,-77.08025423545628,0,4,azul,0,1,0
1,3,0,-81.66491843445357,0,4,amarelo,1,2,0
0,10,13,-88.91817614866311,0,0,azul,2,3,1
0,1,12,-81.43718858275054,0,4,rosa,0,5,1
4,8,3,-81.9988595192525,0,4,rosa,2,2,1
4,7,12,-76.6498324486772,2,4,rosa,2,4,1
2,7,0,-88.73702856577879,1,0,amarelo,4,5,1
2,12,0,-96.89617672095405,1,4,rosa,5,3,1
0,10,11,-94.19642213443447,1,2,amarelo,5,1,1
3,14,1,-72.03290274153709,2,5,azul,5,4,1
0,10,9,-99.10030681457837,1,0,azul,2,5,0
0,10,7,-65.7422782141828,2,1,amarelo,4,3,1
